<?xml version="1.0" encoding="UTF-8" standalone="yes"?>
<contentHaul xmlns:a="http://www.appian.com/ae/types/2009">
    <versionUuid>_a-0000df6a-d82d-8000-9ba2-011c48011c48_137328</versionUuid>
    <outboundIntegration>
        <name>NAV_ETH_returnTransactionsForAccount</name>
        <uuid>1e2f2edf-b35f-444a-9fd6-2d03da5a592b</uuid>
        <description>Given an account, return the recent transactions from Etherscan.io.</description>
        <parentUuid>_a-0000def6-d0a0-8000-9ba2-011c48011c48_62873</parentUuid>
        <visibility>
            <advertise>false</advertise>
            <hierarchy>true</hierarchy>
            <indexable>true</indexable>
            <quota>false</quota>
            <searchable>true</searchable>
            <system>false</system>
            <unlogged>false</unlogged>
        </visibility>
        <definition></definition>
        <metadataExpr></metadataExpr>
        <preferredEditor>legacy</preferredEditor>
        <offlineEnabled>false</offlineEnabled>
        <sharedConfigParameters>
            <a:Dictionary xmlns:xsd="http://www.w3.org/2001/XMLSchema" xmlns:xsi="http://www.w3.org/2001/XMLSchema-instance">
                <url xsi:type="xsd:string">https://api.etherscan.io/api</url>
                <authType xsi:type="xsd:string">None</authType>
                <authDetails xsi:type="xsd:string"/>
            </a:Dictionary>
        </sharedConfigParameters>
        <configParameters>
            <a:Dictionary xmlns:xsd="http://www.w3.org/2001/XMLSchema" xmlns:xsi="http://www.w3.org/2001/XMLSchema-instance">
                <contentType xsi:type="xsd:string"/>
                <method xsi:type="xsd:string">GET</method>
                <headers xsi:type="a:NameValue?list"/>
                <parameters xsi:type="a:NameValue?list">
                    <item>
                        <a:name>module</a:name>
                        <a:value xsi:type="xsd:string">account</a:value>
                    </item>
                    <item>
                        <a:name>action</a:name>
                        <a:value xsi:type="xsd:string">txlist</a:value>
                    </item>
                    <item>
                        <a:name>address</a:name>
                        <a:value xsi:type="a:Expression">local!accountAddress</a:value>
                    </item>
                    <item>
                        <a:name>startblock</a:name>
                        <a:value xsi:type="xsd:string">0</a:value>
                    </item>
                    <item>
                        <a:name>endblock</a:name>
                        <a:value xsi:type="xsd:string">99999999</a:value>
                    </item>
                    <item>
                        <a:name>page</a:name>
                        <a:value xsi:type="xsd:string">1</a:value>
                    </item>
                    <item>
                        <a:name>offset</a:name>
                        <a:value xsi:type="xsd:string">0</a:value>
                    </item>
                    <item>
                        <a:name>sort</a:name>
                        <a:value xsi:type="xsd:string">asc</a:value>
                    </item>
                    <item>
                        <a:name>apikey</a:name>
                        <a:value xsi:type="a:Expression">#"SYSTEM_SYSRULES_scsField"("etherscan", "api_key", false)</a:value>
                    </item>
                </parameters>
                <body xsi:type="xsd:string"/>
            </a:Dictionary>
        </configParameters>
        <isWrite>false</isWrite>
        <isConnectedSystemConnectionOptionSelected>false</isConnectedSystemConnectionOptionSelected>
    </outboundIntegration>
    <roleMap public="true">
        <role inherit="true" allowForAll="false" name="readers">
            <users/>
            <groups/>
        </role>
        <role inherit="true" allowForAll="false" name="authors">
            <users/>
            <groups/>
        </role>
        <role inherit="true" allowForAll="false" name="administrators">
            <users/>
            <groups/>
        </role>
        <role inherit="false" allowForAll="false" name="denyReaders">
            <users/>
            <groups/>
        </role>
        <role inherit="false" allowForAll="false" name="denyAuthors">
            <users/>
            <groups/>
        </role>
        <role inherit="false" allowForAll="false" name="denyAdministrators">
            <users/>
            <groups/>
        </role>
    </roleMap>
    <history>
        <historyInfo versionUuid="_a-0000df6a-d82d-8000-9ba2-011c48011c48_137328"/>
    </history>
</contentHaul>
