<?xml version="1.0" encoding="UTF-8" standalone="yes"?>
<contentHaul xmlns:a="http://www.appian.com/ae/types/2009">
    <versionUuid>_a-0000df6a-d82d-8000-9ba2-011c48011c48_137017</versionUuid>
    <rule>
        <name>NAV_ETH_displayEthTransactionGridSection</name>
        <uuid>_a-0000def6-d0a0-8000-9ba2-011c48011c48_62902</uuid>
        <description>Displays a section with Ethereum transactions</description>
        <parentUuid>_a-0000def6-d0a0-8000-9ba2-011c48011c48_62873</parentUuid>
        <visibility>
            <advertise>false</advertise>
            <hierarchy>true</hierarchy>
            <indexable>true</indexable>
            <quota>false</quota>
            <searchable>true</searchable>
            <system>false</system>
            <unlogged>false</unlogged>
        </visibility>
        <definition>= load(
  local!accountAddress: "", /* For Example: 0x98E0cFDb3c7033729eB370198103a9d86c9EadC3 */
  local!transactions: #"1e2f2edf-b35f-444a-9fd6-2d03da5a592b"(),
  #"SYSTEM_SYSRULES_sectionLayout_v1"(
    label: "Transactions for Account",
    contents: {
      #"SYSTEM_SYSRULES_textField"(
        label: "Account Address",
        instructions: "Enter an account address to view the latest transactions for that account.",
        placeholder: "For example: 0x98E0cFDb3c7033729eB370198103a9d86c9EadC3",
        value: local!accountAddress,
        saveInto: {
          a!save(local!accountAddress, save!value),
          a!save(local!transactions, #"1e2f2edf-b35f-444a-9fd6-2d03da5a592b"()),
        }
      ),
      /*a!paragraphField(value: local!transactions),*/
      #"_a-0000def6-d0a0-8000-9ba2-011c48011c48_62874"(
        transactions: index(
          #"SYSTEM_SYSRULES_fromJson"(
            index(
              index(
                local!transactions,
                "result",
                {}
              ),
              "body",
              {}
            )
          ),
          "result",
          {}
        )
      )
    }
  )
)</definition>
        <metadataExpr></metadataExpr>
        <preferredEditor>interface</preferredEditor>
        <offlineEnabled>false</offlineEnabled>
    </rule>
    <roleMap public="true">
        <role inherit="true" allowForAll="false" name="readers">
            <users/>
            <groups/>
        </role>
        <role inherit="true" allowForAll="false" name="authors">
            <users/>
            <groups/>
        </role>
        <role inherit="true" allowForAll="false" name="administrators">
            <users>
                <userUuid>cpage</userUuid>
            </users>
            <groups/>
        </role>
        <role inherit="false" allowForAll="false" name="denyReaders">
            <users/>
            <groups/>
        </role>
        <role inherit="false" allowForAll="false" name="denyAuthors">
            <users/>
            <groups/>
        </role>
        <role inherit="false" allowForAll="false" name="denyAdministrators">
            <users/>
            <groups/>
        </role>
    </roleMap>
    <history>
        <historyInfo versionUuid="_a-0000df6a-d82d-8000-9ba2-011c48011c48_137017"/>
    </history>
</contentHaul>
