<?xml version="1.0" encoding="UTF-8" standalone="yes"?>
<contentHaul xmlns:a="http://www.appian.com/ae/types/2009">
    <versionUuid>_a-0000df6a-d82d-8000-9ba2-011c48011c48_137021</versionUuid>
    <rule>
        <name>NAV_ETH_displayEthTransactionGrid</name>
        <uuid>_a-0000def6-d0a0-8000-9ba2-011c48011c48_62874</uuid>
        <description>Displays a grid with Ethereum transactions</description>
        <parentUuid>_a-0000def6-d0a0-8000-9ba2-011c48011c48_62873</parentUuid>
        <visibility>
            <advertise>false</advertise>
            <hierarchy>true</hierarchy>
            <indexable>true</indexable>
            <quota>false</quota>
            <searchable>true</searchable>
            <system>false</system>
            <unlogged>false</unlogged>
        </visibility>
        <definition>= load(
  #"SYSTEM_SYSRULES_gridField"(
    labelPosition: "ABOVE",
    totalCount: count(
      index(
        ri!transactions,
        "hash",
        {}
      )
    ),
    columns: {
      #"SYSTEM_SYSRULES_gridTextColumn"(
        label: "TxHash",
        data: index(
          ri!transactions,
          "hash",
          {}
        ),
        links: #"SYSTEM_SYSRULES_forEach"(
          items: index(
            ri!transactions,
            "hash",
            {}
          ),
          expression: #"SYSTEM_SYSRULES_safeLink"(
            uri: "https://etherscan.io/tx/" &amp; fv!item
          )
        )
      ),
      #"SYSTEM_SYSRULES_gridTextColumn"(
        label: "Block",
        data: index(
          ri!transactions,
          "blockNumber",
          {}
        ),
        links: #"SYSTEM_SYSRULES_forEach"(
          items: index(
            ri!transactions,
            "blockNumber",
            {}
          ),
          expression: #"SYSTEM_SYSRULES_safeLink"(
            uri: "https://etherscan.io/block/" &amp; fv!item
          )
        )
      ),
      #"SYSTEM_SYSRULES_gridTextColumn"(
        label: "Date Created",
        data: #"SYSTEM_SYSRULES_forEach"(
          items: index(
            ri!transactions,
            "timeStamp",
            {}
          ),
          expression: #"_a-0000df6a-d82d-8000-9ba2-011c48011c48_136998"(
            fv!item
          )
        )
      ),
      #"SYSTEM_SYSRULES_gridTextColumn"(
        label: "From",
        data: index(
          ri!transactions,
          "from",
          {}
        ),
        links: #"SYSTEM_SYSRULES_forEach"(
          items: index(
            ri!transactions,
            "from",
            {}
          ),
          expression: #"SYSTEM_SYSRULES_safeLink"(
            uri: "https://etherscan.io/address/" &amp; fv!item
          )
        )
      ),
      #"SYSTEM_SYSRULES_gridTextColumn"(
        label: "To",
        data: index(
          ri!transactions,
          "to",
          {}
        ),
        links: #"SYSTEM_SYSRULES_forEach"(
          items: index(
            ri!transactions,
            "to",
            {}
          ),
          expression: #"SYSTEM_SYSRULES_safeLink"(
            uri: "https://etherscan.io/address/" &amp; fv!item
          )
        )
      ),
      #"SYSTEM_SYSRULES_gridTextColumn"(
        label: "Value",
        data: #"SYSTEM_SYSRULES_forEach"(
          items: index(
            ri!transactions,
            "value",
            {}
          ),
          expression: #"_a-0000def6-d0a0-8000-9ba2-011c48011c48_62920"(
            #"_a-0000def6-d0a0-8000-9ba2-011c48011c48_62923"(
              fv!item
            )
          )
        )
      )/*a!gridTextColumn(*/
      /*label: "TxFee",*/
      /*data: a!forEach(*/
      /*items: index(*/
      /*ri!transactions,*/
      /*"cumulativeGasUsed",*/
      /*{}*/
      /*),*/
      /*expression: rule!NAV_ETH_displayFormattedEther(*/
      /*rule!NAV_ETH_convertWeiToEther(*/
      /*fv!item*/
      /*)*/
      /*)*/
      /*)*/
      /*)*/
      
    },
    value: #"SYSTEM_SYSRULES_pagingInfo"(
      startIndex: 1,
      batchSize: - 1
    ),
    saveInto: {}
  )
)</definition>
        <namedTypedValue>
            <name>transactions</name>
            <type>
                <name>Variant</name>
                <namespace>http://www.appian.com/ae/types/2009</namespace>
            </type>
        </namedTypedValue>
        <metadataExpr></metadataExpr>
        <preferredEditor>interface</preferredEditor>
        <offlineEnabled>false</offlineEnabled>
    </rule>
    <roleMap public="true">
        <role inherit="true" allowForAll="false" name="readers">
            <users/>
            <groups/>
        </role>
        <role inherit="true" allowForAll="false" name="authors">
            <users/>
            <groups/>
        </role>
        <role inherit="true" allowForAll="false" name="administrators">
            <users/>
            <groups/>
        </role>
        <role inherit="false" allowForAll="false" name="denyReaders">
            <users/>
            <groups/>
        </role>
        <role inherit="false" allowForAll="false" name="denyAuthors">
            <users/>
            <groups/>
        </role>
        <role inherit="false" allowForAll="false" name="denyAdministrators">
            <users/>
            <groups/>
        </role>
    </roleMap>
    <history>
        <historyInfo versionUuid="_a-0000df6a-d82d-8000-9ba2-011c48011c48_137021"/>
    </history>
</contentHaul>
